<?xml version="1.0" encoding="utf-8" ?>
<!--
Licensee: Ort Braude College
License Type: Academic
-->
<!DOCTYPE hibernate-configuration PUBLIC
        "-//Hibernate/Hibernate Configuration DTD 3.0//EN"
 "http://www.hibernate.org/dtd/hibernate-configuration-3.0.dtd">
<hibernate-configuration>
	<session-factory>
   	<!-- properties -->
		<property name="dialect">org.hibernate.dialect.MySQL5InnoDBDialect</property>
		<property name="connection.driver_class">com.mysql.jdbc.Driver</property>
		<property name="connection.url">jdbc:mysql://localhost:3306/goodreading</property>
		<property name="connection.username">root</property>
		<property name="connection.password">4521</property>
		<property name="show_sql">false</property>
		<property name="query.substitutions">true 1, false 0, yes 'Y', no 'N'</property>
		<!-- mapping files -->
		<mapping resource="ormmapping/good_reading/Book.hbm.xml" />
		<mapping resource="ormmapping/good_reading/BookReview.hbm.xml" />
		<mapping resource="ormmapping/good_reading/Book_Author.hbm.xml" />
		<mapping resource="ormmapping/good_reading/Book_Keywords.hbm.xml" />
		<mapping resource="ormmapping/good_reading/Book_Subject.hbm.xml" />
		<mapping resource="ormmapping/good_reading/Customer_Book.hbm.xml" />
		<mapping resource="ormmapping/good_reading/Domain.hbm.xml" />
		<mapping resource="ormmapping/good_reading/Subject.hbm.xml" />
		<mapping resource="ormmapping/good_reading/SystemUser.hbm.xml" />
	</session-factory>
</hibernate-configuration>
