<?xml version="1.0" encoding="UTF-8"?>

<Model quotesql="1" tablecharset="" mysql_version="504" mssql_version="2005" derby_version="106" ingres_version="9">
  <Entity name="BookReview" PKClustered="0">
    <Column name="_rid">
      <PrimaryKey>true</PrimaryKey>
      <ForeignKey>false</ForeignKey>
      <Type>9</Type>
      <Length>10</Length>
      <Nullable>false</Nullable>
      <IDGenerator>native</IDGenerator>
      <Unique>false</Unique>
      <Index>false</Index>
      <UserTypes/>
    </Column>
    <Column name="_bid">
      <PrimaryKey>false</PrimaryKey>
      <ForeignKey>false</ForeignKey>
      <Type>9</Type>
      <Length>10</Length>
      <Nullable>false</Nullable>
      <IDGenerator>native</IDGenerator>
      <Unique>false</Unique>
      <Index>false</Index>
      <UserTypes/>
    </Column>
    <Column name="_review">
      <PrimaryKey>false</PrimaryKey>
      <ForeignKey>false</ForeignKey>
      <Type>27</Type>
      <Length>255</Length>
      <Nullable>true</Nullable>
      <IDGenerator>native</IDGenerator>
      <Unique>false</Unique>
      <Index>false</Index>
      <UserTypes/>
    </Column>
    <Column name="_costumerName">
      <PrimaryKey>false</PrimaryKey>
      <ForeignKey>false</ForeignKey>
      <Type>27</Type>
      <Length>255</Length>
      <Nullable>true</Nullable>
      <IDGenerator>native</IDGenerator>
      <Unique>false</Unique>
      <Index>false</Index>
      <UserTypes/>
    </Column>
    <Column name="_approved">
      <PrimaryKey>false</PrimaryKey>
      <ForeignKey>false</ForeignKey>
      <Type>1</Type>
      <Length>0</Length>
      <Nullable>true</Nullable>
      <IDGenerator>native</IDGenerator>
      <Unique>false</Unique>
      <Index>false</Index>
      <UserTypes/>
    </Column>
  </Entity>
  <Entity name="Domain" PKClustered="0">
    <Column name="_did">
      <PrimaryKey>true</PrimaryKey>
      <ForeignKey>false</ForeignKey>
      <Type>9</Type>
      <Length>10</Length>
      <Nullable>false</Nullable>
      <IDGenerator>native</IDGenerator>
      <Unique>false</Unique>
      <Index>false</Index>
      <UserTypes/>
    </Column>
    <Column name="_name">
      <PrimaryKey>false</PrimaryKey>
      <ForeignKey>false</ForeignKey>
      <Type>27</Type>
      <Length>255</Length>
      <Nullable>true</Nullable>
      <IDGenerator>native</IDGenerator>
      <Unique>false</Unique>
      <Index>false</Index>
      <UserTypes/>
    </Column>
  </Entity>
  <Entity name="SystemUser" PKClustered="0">
    <Column name="_uid">
      <PrimaryKey>true</PrimaryKey>
      <ForeignKey>false</ForeignKey>
      <Type>9</Type>
      <Length>10</Length>
      <Nullable>false</Nullable>
      <IDGenerator>native</IDGenerator>
      <Unique>false</Unique>
      <Index>false</Index>
      <UserTypes/>
    </Column>
    <Column name="_firstName">
      <PrimaryKey>false</PrimaryKey>
      <ForeignKey>false</ForeignKey>
      <Type>27</Type>
      <Length>255</Length>
      <Nullable>true</Nullable>
      <IDGenerator>native</IDGenerator>
      <Unique>false</Unique>
      <Index>false</Index>
      <UserTypes/>
    </Column>
    <Column name="_lastName">
      <PrimaryKey>false</PrimaryKey>
      <ForeignKey>false</ForeignKey>
      <Type>27</Type>
      <Length>255</Length>
      <Nullable>true</Nullable>
      <IDGenerator>native</IDGenerator>
      <Unique>false</Unique>
      <Index>false</Index>
      <UserTypes/>
    </Column>
    <Column name="_userName">
      <PrimaryKey>false</PrimaryKey>
      <ForeignKey>false</ForeignKey>
      <Type>27</Type>
      <Length>255</Length>
      <Nullable>true</Nullable>
      <IDGenerator>native</IDGenerator>
      <Unique>false</Unique>
      <Index>false</Index>
      <UserTypes/>
    </Column>
    <Column name="_password">
      <PrimaryKey>false</PrimaryKey>
      <ForeignKey>false</ForeignKey>
      <Type>27</Type>
      <Length>255</Length>
      <Nullable>true</Nullable>
      <IDGenerator>native</IDGenerator>
      <Unique>false</Unique>
      <Index>false</Index>
      <UserTypes/>
    </Column>
    <Column name="_userStatus">
      <PrimaryKey>false</PrimaryKey>
      <ForeignKey>false</ForeignKey>
      <Type>9</Type>
      <Length>10</Length>
      <Nullable>false</Nullable>
      <IDGenerator>native</IDGenerator>
      <Unique>false</Unique>
      <Index>false</Index>
      <UserTypes/>
    </Column>
    <Column name="_accountType">
      <PrimaryKey>false</PrimaryKey>
      <ForeignKey>false</ForeignKey>
      <Type>9</Type>
      <Length>10</Length>
      <Nullable>true</Nullable>
      <IDGenerator>native</IDGenerator>
      <Unique>false</Unique>
      <Index>false</Index>
      <UserTypes/>
    </Column>
    <Column name="_endDate">
      <PrimaryKey>false</PrimaryKey>
      <ForeignKey>false</ForeignKey>
      <Type>17</Type>
      <Length>0</Length>
      <Nullable>true</Nullable>
      <IDGenerator>native</IDGenerator>
      <Unique>false</Unique>
      <Index>false</Index>
      <UserTypes/>
    </Column>
    <Column name="_accountStatus">
      <PrimaryKey>false</PrimaryKey>
      <ForeignKey>false</ForeignKey>
      <Type>1</Type>
      <Length>0</Length>
      <Nullable>true</Nullable>
      <IDGenerator>native</IDGenerator>
      <Unique>false</Unique>
      <Index>false</Index>
      <UserTypes/>
    </Column>
    <Column name="_waitingForChangeType">
      <PrimaryKey>false</PrimaryKey>
      <ForeignKey>false</ForeignKey>
      <Type>9</Type>
      <Length>10</Length>
      <Nullable>true</Nullable>
      <IDGenerator>native</IDGenerator>
      <Unique>false</Unique>
      <Index>false</Index>
      <UserTypes/>
    </Column>
    <Column name="_wid">
      <PrimaryKey>false</PrimaryKey>
      <ForeignKey>false</ForeignKey>
      <Type>9</Type>
      <Length>10</Length>
      <Nullable>true</Nullable>
      <IDGenerator>native</IDGenerator>
      <Unique>false</Unique>
      <Index>false</Index>
      <UserTypes/>
    </Column>
    <Column name="_role">
      <PrimaryKey>false</PrimaryKey>
      <ForeignKey>false</ForeignKey>
      <Type>27</Type>
      <Length>255</Length>
      <Nullable>true</Nullable>
      <IDGenerator>native</IDGenerator>
      <Unique>false</Unique>
      <Index>false</Index>
      <UserTypes/>
    </Column>
    <Column name="_email">
      <PrimaryKey>false</PrimaryKey>
      <ForeignKey>false</ForeignKey>
      <Type>27</Type>
      <Length>255</Length>
      <Nullable>true</Nullable>
      <IDGenerator>native</IDGenerator>
      <Unique>false</Unique>
      <Index>false</Index>
      <UserTypes/>
    </Column>
    <Column name="_department">
      <PrimaryKey>false</PrimaryKey>
      <ForeignKey>false</ForeignKey>
      <Type>27</Type>
      <Length>255</Length>
      <Nullable>true</Nullable>
      <IDGenerator>native</IDGenerator>
      <Unique>false</Unique>
      <Index>false</Index>
      <UserTypes/>
    </Column>
    <Column name="Discriminator">
      <PrimaryKey>false</PrimaryKey>
      <ForeignKey>false</ForeignKey>
      <Type>27</Type>
      <Length>255</Length>
      <Nullable>false</Nullable>
      <IDGenerator>native</IDGenerator>
      <Unique>false</Unique>
      <Index>false</Index>
      <UserTypes/>
    </Column>
    <Column name="_ssn">
      <PrimaryKey>false</PrimaryKey>
      <ForeignKey>false</ForeignKey>
      <Type>9</Type>
      <Length>11</Length>
      <Nullable>false</Nullable>
      <IDGenerator>native</IDGenerator>
      <Unique>false</Unique>
      <Index>false</Index>
      <UserTypes/>
    </Column>
  </Entity>
  <Entity name="Book" PKClustered="0">
    <Column name="_bid">
      <PrimaryKey>true</PrimaryKey>
      <ForeignKey>false</ForeignKey>
      <Type>9</Type>
      <Length>10</Length>
      <Nullable>false</Nullable>
      <IDGenerator>native</IDGenerator>
      <Unique>false</Unique>
      <Index>false</Index>
      <UserTypes/>
    </Column>
    <Column name="_title">
      <PrimaryKey>false</PrimaryKey>
      <ForeignKey>false</ForeignKey>
      <Type>27</Type>
      <Length>255</Length>
      <Nullable>true</Nullable>
      <IDGenerator>native</IDGenerator>
      <Unique>false</Unique>
      <Index>false</Index>
      <UserTypes/>
    </Column>
    <Column name="_language">
      <PrimaryKey>false</PrimaryKey>
      <ForeignKey>false</ForeignKey>
      <Type>27</Type>
      <Length>255</Length>
      <Nullable>true</Nullable>
      <IDGenerator>native</IDGenerator>
      <Unique>false</Unique>
      <Index>false</Index>
      <UserTypes/>
    </Column>
    <Column name="_summary">
      <PrimaryKey>false</PrimaryKey>
      <ForeignKey>false</ForeignKey>
      <Type>27</Type>
      <Length>255</Length>
      <Nullable>true</Nullable>
      <IDGenerator>native</IDGenerator>
      <Unique>false</Unique>
      <Index>false</Index>
      <UserTypes/>
    </Column>
    <Column name="_TableOfContents">
      <PrimaryKey>false</PrimaryKey>
      <ForeignKey>false</ForeignKey>
      <Type>27</Type>
      <Length>255</Length>
      <Nullable>true</Nullable>
      <IDGenerator>native</IDGenerator>
      <Unique>false</Unique>
      <Index>false</Index>
      <UserTypes/>
    </Column>
    <Column name="_viewStatus">
      <PrimaryKey>false</PrimaryKey>
      <ForeignKey>false</ForeignKey>
      <Type>1</Type>
      <Length>0</Length>
      <Nullable>true</Nullable>
      <IDGenerator>native</IDGenerator>
      <Unique>false</Unique>
      <Index>false</Index>
      <UserTypes/>
    </Column>
    <Column name="_price">
      <PrimaryKey>false</PrimaryKey>
      <ForeignKey>false</ForeignKey>
      <Type>4</Type>
      <Length>10</Length>
      <Nullable>false</Nullable>
      <IDGenerator>native</IDGenerator>
      <Unique>false</Unique>
      <Index>false</Index>
      <UserTypes/>
    </Column>
    <Column name="_searchLog">
      <PrimaryKey>false</PrimaryKey>
      <ForeignKey>false</ForeignKey>
      <Type>27</Type>
      <Length>255</Length>
      <Nullable>true</Nullable>
      <IDGenerator>native</IDGenerator>
      <Unique>false</Unique>
      <Index>false</Index>
      <UserTypes/>
    </Column>
    <Column name="_purchaseLog">
      <PrimaryKey>false</PrimaryKey>
      <ForeignKey>false</ForeignKey>
      <Type>27</Type>
      <Length>255</Length>
      <Nullable>true</Nullable>
      <IDGenerator>native</IDGenerator>
      <Unique>false</Unique>
      <Index>false</Index>
      <UserTypes/>
    </Column>
    <Column name="_purchaseCount">
      <PrimaryKey>false</PrimaryKey>
      <ForeignKey>false</ForeignKey>
      <Type>9</Type>
      <Length>10</Length>
      <Nullable>false</Nullable>
      <IDGenerator>native</IDGenerator>
      <Unique>false</Unique>
      <Index>false</Index>
      <UserTypes/>
    </Column>
    <Column name="_bookFormat">
      <PrimaryKey>false</PrimaryKey>
      <ForeignKey>false</ForeignKey>
      <Type>27</Type>
      <Length>255</Length>
      <Nullable>true</Nullable>
      <IDGenerator>native</IDGenerator>
      <Unique>false</Unique>
      <Index>false</Index>
      <UserTypes/>
    </Column>
    <Column name="_picPath">
      <PrimaryKey>false</PrimaryKey>
      <ForeignKey>false</ForeignKey>
      <Type>27</Type>
      <Length>255</Length>
      <Nullable>true</Nullable>
      <IDGenerator>native</IDGenerator>
      <Unique>false</Unique>
      <Index>false</Index>
      <UserTypes/>
    </Column>
  </Entity>
  <Entity name="Subject" PKClustered="0">
    <Column name="_sid">
      <PrimaryKey>true</PrimaryKey>
      <ForeignKey>false</ForeignKey>
      <Type>9</Type>
      <Length>10</Length>
      <Nullable>false</Nullable>
      <IDGenerator>native</IDGenerator>
      <Unique>false</Unique>
      <Index>false</Index>
      <UserTypes/>
    </Column>
    <Column name="_name">
      <PrimaryKey>false</PrimaryKey>
      <ForeignKey>false</ForeignKey>
      <Type>27</Type>
      <Length>255</Length>
      <Nullable>true</Nullable>
      <IDGenerator>native</IDGenerator>
      <Unique>false</Unique>
      <Index>false</Index>
      <UserTypes/>
    </Column>
    <Column name="_did">
      <PrimaryKey>false</PrimaryKey>
      <ForeignKey>false</ForeignKey>
      <Type>9</Type>
      <Length>10</Length>
      <Nullable>false</Nullable>
      <IDGenerator>native</IDGenerator>
      <Unique>false</Unique>
      <Index>false</Index>
      <UserTypes/>
    </Column>
  </Entity>
  <Entity name="Customer-Book" PKClustered="0">
    <Column name="ID">
      <PrimaryKey>true</PrimaryKey>
      <ForeignKey>false</ForeignKey>
      <Type>9</Type>
      <Length>10</Length>
      <Nullable>false</Nullable>
      <IDGenerator>native</IDGenerator>
      <Unique>false</Unique>
      <Index>false</Index>
      <UserTypes/>
    </Column>
    <Column name="_uid">
      <PrimaryKey>false</PrimaryKey>
      <ForeignKey>false</ForeignKey>
      <Type>9</Type>
      <Length>10</Length>
      <Nullable>false</Nullable>
      <IDGenerator>native</IDGenerator>
      <Unique>false</Unique>
      <Index>false</Index>
      <UserTypes/>
    </Column>
    <Column name="_bid">
      <PrimaryKey>false</PrimaryKey>
      <ForeignKey>false</ForeignKey>
      <Type>9</Type>
      <Length>10</Length>
      <Nullable>false</Nullable>
      <IDGenerator>native</IDGenerator>
      <Unique>false</Unique>
      <Index>false</Index>
      <UserTypes/>
    </Column>
  </Entity>
  <Entity name="Book-Author" PKClustered="0">
    <Column name="ID">
      <PrimaryKey>true</PrimaryKey>
      <ForeignKey>false</ForeignKey>
      <Type>9</Type>
      <Length>10</Length>
      <Nullable>false</Nullable>
      <IDGenerator>native</IDGenerator>
      <Unique>false</Unique>
      <Index>false</Index>
      <UserTypes/>
    </Column>
    <Column name="_bid">
      <PrimaryKey>false</PrimaryKey>
      <ForeignKey>false</ForeignKey>
      <Type>9</Type>
      <Length>10</Length>
      <Nullable>false</Nullable>
      <IDGenerator>native</IDGenerator>
      <Unique>false</Unique>
      <Index>false</Index>
      <UserTypes/>
    </Column>
    <Column name="_author">
      <PrimaryKey>false</PrimaryKey>
      <ForeignKey>false</ForeignKey>
      <Type>27</Type>
      <Length>255</Length>
      <Nullable>true</Nullable>
      <IDGenerator>native</IDGenerator>
      <Unique>false</Unique>
      <Index>false</Index>
      <UserTypes/>
    </Column>
  </Entity>
  <Entity name="Book-Subject" PKClustered="0">
    <Column name="ID">
      <PrimaryKey>true</PrimaryKey>
      <ForeignKey>false</ForeignKey>
      <Type>9</Type>
      <Length>10</Length>
      <Nullable>false</Nullable>
      <IDGenerator>native</IDGenerator>
      <Unique>false</Unique>
      <Index>false</Index>
      <UserTypes/>
    </Column>
    <Column name="_bid">
      <PrimaryKey>false</PrimaryKey>
      <ForeignKey>false</ForeignKey>
      <Type>9</Type>
      <Length>10</Length>
      <Nullable>false</Nullable>
      <IDGenerator>native</IDGenerator>
      <Unique>false</Unique>
      <Index>false</Index>
      <UserTypes/>
    </Column>
    <Column name="_sid">
      <PrimaryKey>false</PrimaryKey>
      <ForeignKey>false</ForeignKey>
      <Type>9</Type>
      <Length>10</Length>
      <Nullable>false</Nullable>
      <IDGenerator>native</IDGenerator>
      <Unique>false</Unique>
      <Index>false</Index>
      <UserTypes/>
    </Column>
  </Entity>
  <Entity name="Book-Keywords" PKClustered="0">
    <Column name="ID">
      <PrimaryKey>true</PrimaryKey>
      <ForeignKey>false</ForeignKey>
      <Type>9</Type>
      <Length>10</Length>
      <Nullable>false</Nullable>
      <IDGenerator>native</IDGenerator>
      <Unique>false</Unique>
      <Index>false</Index>
      <UserTypes/>
    </Column>
    <Column name="_bid">
      <PrimaryKey>false</PrimaryKey>
      <ForeignKey>false</ForeignKey>
      <Type>9</Type>
      <Length>10</Length>
      <Nullable>false</Nullable>
      <IDGenerator>native</IDGenerator>
      <Unique>false</Unique>
      <Index>false</Index>
      <UserTypes/>
    </Column>
    <Column name="_keyword">
      <PrimaryKey>false</PrimaryKey>
      <ForeignKey>false</ForeignKey>
      <Type>27</Type>
      <Length>255</Length>
      <Nullable>true</Nullable>
      <IDGenerator>native</IDGenerator>
      <Unique>false</Unique>
      <Index>false</Index>
      <UserTypes/>
    </Column>
  </Entity>
</Model>
